,HUC_code,station_no
0,14,US1AZAP0003
1,14,US1AZAP0018
2,14,US1AZCN0010
3,14,US1AZCN0069
4,14,US1AZCN0155
5,14,US1AZCN0162
6,14,US1AZCN0164
7,14,US1COAM0001
8,14,US1COAM0006
9,14,US1COAM0007
10,14,US1COAM0011
11,14,US1COAM0018
12,14,US1COAM0020
13,14,US1COAM0021
14,14,US1COAM0023
15,14,US1COAM0031
16,14,US1COAM0035
17,14,US1COAM0036
18,14,US1COAU0003
19,14,US1COAU0004
20,14,US1COAU0008
21,14,US1COAU0011
22,14,US1COAU0013
23,14,US1COAU0015
24,14,US1COAU0018
25,14,US1COAU0019
26,14,US1COAU0020
27,14,US1COAU0022
28,14,US1COAU0026
29,14,US1COAU0027
30,14,US1COAU0028
31,14,US1COAU0030
32,14,US1COAU0033
33,14,US1COAU0036
34,14,US1COAU0037
35,14,US1COAU0038
36,14,US1COAU0039
37,14,US1COAU0041
38,14,US1COAU0043
39,14,US1COAU0045
40,14,US1COAU0047
41,14,US1COAU0048
42,14,US1COAU0049
43,14,US1COAU0050
44,14,US1COAU0053
45,14,US1COAU0054
46,14,US1COAU0058
47,14,US1COAU0059
48,14,US1COAU0060
49,14,US1COAU0061
50,14,US1COAU0062
51,14,US1COAU0066
52,14,US1COAU0068
53,14,US1COAU0069
54,14,US1COAU0070
55,14,US1COAU0071
56,14,US1COCC0005
57,14,US1COCC0013
58,14,US1COCC0032
59,14,US1COCF0003
60,14,US1COCF0005
61,14,US1COCF0006
62,14,US1COCF0008
63,14,US1COCF0010
64,14,US1COCF0011
65,14,US1COCF0014
66,14,US1COCF0015
67,14,US1COCF0016
68,14,US1COCF0017
69,14,US1COCF0018
70,14,US1COCF0019
71,14,US1COCF0020
72,14,US1COCF0022
73,14,US1COCF0025
74,14,US1COCF0026
75,14,US1COCF0032
76,14,US1COCF0033
77,14,US1COCF0035
78,14,US1COCF0038
79,14,US1COCF0041
80,14,US1COCF0042
81,14,US1COCF0043
82,14,US1COCF0048
83,14,US1COCF0050
84,14,US1COCF0052
85,14,US1COCF0053
86,14,US1COCF0054
87,14,US1COCF0055
88,14,US1COCF0056
89,14,US1COCF0061
90,14,US1COCF0064
91,14,US1COCF0065
92,14,US1COCF0067
93,14,US1COCF0070
94,14,US1COCN0004
95,14,US1COCN0006
96,14,US1COCN0008
97,14,US1COCS0010
98,14,US1CODL0001
99,14,US1CODL0002
100,14,US1CODL0008
101,14,US1CODL0009
102,14,US1CODL0010
103,14,US1CODL0011
104,14,US1CODL0012
105,14,US1CODL0013
106,14,US1CODL0015
107,14,US1CODL0016
108,14,US1CODL0017
109,14,US1CODL0021
110,14,US1CODL0022
111,14,US1CODL0023
112,14,US1CODL0025
113,14,US1CODL0026
114,14,US1CODL0028
115,14,US1CODL0030
116,14,US1CODL0031
117,14,US1CODL0036
118,14,US1CODL0040
119,14,US1CODL0042
120,14,US1CODL0043
121,14,US1CODL0044
122,14,US1CODL0045
123,14,US1CODL0047
124,14,US1CODL0048
125,14,US1CODL0049
126,14,US1CODL0051
127,14,US1CODL0052
128,14,US1CODL0058
129,14,US1CODL0061
130,14,US1CODL0063
131,14,US1CODL0065
132,14,US1CODL0066
133,14,US1CODL0068
134,14,US1CODL0071
135,14,US1CODL0074
136,14,US1CODR0002
137,14,US1CODR0003
138,14,US1CODR0006
139,14,US1CODR0014
140,14,US1CODR0015
141,14,US1COEG0001
142,14,US1COEG0003
143,14,US1COEG0006
144,14,US1COEG0008
145,14,US1COEG0017
146,14,US1COEG0018
147,14,US1COEG0019
148,14,US1COEG0021
149,14,US1COEG0022
150,14,US1COEG0025
151,14,US1COEG0029
152,14,US1COEG0030
153,14,US1COEG0031
154,14,US1COEG0034
155,14,US1COEG0037
156,14,US1COEG0044
157,14,US1COEG0045
158,14,US1COEG0047
159,14,US1COEG0051
160,14,US1COEG0052
161,14,US1COEG0053
162,14,US1COEG0055
163,14,US1COEG0056
164,14,US1COEG0057
165,14,US1COEG0061
166,14,US1COEG0062
167,14,US1COEG0064
168,14,US1COEG0069
169,14,US1COFM0014
170,14,US1COFM0021
171,14,US1COFM0032
172,14,US1COFM0041
173,14,US1COFM0072
174,14,US1COGF0001
175,14,US1COGF0002
176,14,US1COGF0003
177,14,US1COGF0004
178,14,US1COGF0005
179,14,US1COGF0006
180,14,US1COGF0007
181,14,US1COGF0008
182,14,US1COGF0009
183,14,US1COGF0011
184,14,US1COGF0012
185,14,US1COGF0013
186,14,US1COGF0014
187,14,US1COGF0018
188,14,US1COGF0019
189,14,US1COGF0025
190,14,US1COGF0032
191,14,US1COGF0033
192,14,US1COGF0035
193,14,US1COGF0036
194,14,US1COGF0040
195,14,US1COGF0046
196,14,US1COGF0047
197,14,US1COGF0049
198,14,US1COGF0050
199,14,US1COGF0051
200,14,US1COGF0052
201,14,US1COGF0054
202,14,US1COGF0056
203,14,US1COGF0060
204,14,US1COGF0061
205,14,US1COGF0067
206,14,US1COGF0069
207,14,US1COGF0071
208,14,US1COGF0072
209,14,US1COGF0073
210,14,US1COGF0075
211,14,US1COGF0077
212,14,US1COGF0078
213,14,US1COGF0079
214,14,US1COGF0081
215,14,US1COGF0082
216,14,US1COGF0083
217,14,US1COGF0085
218,14,US1COGF0088
219,14,US1COGF0089
220,14,US1COGF0090
221,14,US1COGF0094
222,14,US1COGF0097
223,14,US1COGF0098
224,14,US1COGN0002
225,14,US1COGN0011
226,14,US1COGN0018
227,14,US1COGN0019
228,14,US1COGN0020
229,14,US1COGN0027
230,14,US1COGN0029
231,14,US1COGN0030
232,14,US1COGN0031
233,14,US1COGN0033
234,14,US1COGN0034
235,14,US1COGN0036
236,14,US1COGN0039
237,14,US1COGN0040
238,14,US1COGN0041
239,14,US1COGN0045
240,14,US1COGN0047
241,14,US1COGN0050
242,14,US1COGN0052
243,14,US1COGN0055
244,14,US1COGN0057
245,14,US1COGN0058
246,14,US1COGN0059
247,14,US1COGN0062
248,14,US1COGN0066
249,14,US1COGN0068
250,14,US1COGN0070
251,14,US1COGR0003
252,14,US1COGR0004
253,14,US1COGR0005
254,14,US1COGR0006
255,14,US1COGR0009
256,14,US1COGR0016
257,14,US1COGR0020
258,14,US1COGR0021
259,14,US1COGR0023
260,14,US1COGR0024
261,14,US1COGR0025
262,14,US1COGR0026
263,14,US1COGR0028
264,14,US1COGR0029
265,14,US1COGR0030
266,14,US1COGR0031
267,14,US1COGR0032
268,14,US1COGR0033
269,14,US1COGR0035
270,14,US1COGR0039
271,14,US1COGR0041
272,14,US1COGR0045
273,14,US1COGR0049
274,14,US1COGR0050
275,14,US1COGR0051
276,14,US1COGR0052
277,14,US1COGR0053
278,14,US1COGR0060
279,14,US1COGR0067
280,14,US1COGR0068
281,14,US1COGR0070
282,14,US1COGR0072
283,14,US1COGR0073
284,14,US1COGR0074
285,14,US1COGR0076
286,14,US1COGR0077
287,14,US1COGR0078
288,14,US1COGR0081
289,14,US1COGR0082
290,14,US1COGR0083
291,14,US1COGR0086
292,14,US1COGR0088
293,14,US1COGR0093
294,14,US1COHD0001
295,14,US1COJK0005
296,14,US1COJK0007
297,14,US1COJK0008
298,14,US1COJK0010
299,14,US1COJK0011
300,14,US1COJK0016
301,14,US1COJK0017
302,14,US1COJK0020
303,14,US1COJK0023
304,14,US1COJK0024
305,14,US1COJK0025
306,14,US1COJK0028
307,14,US1COJK0031
308,14,US1COJK0032
309,14,US1COLK0001
310,14,US1COLK0010
311,14,US1COLK0011
312,14,US1COLK0018
313,14,US1COLK0019
314,14,US1COLK0021
315,14,US1COLK0022
316,14,US1COLK0025
317,14,US1COLK0026
318,14,US1COLK0027
319,14,US1COLK0028
320,14,US1COLK0029
321,14,US1COLK0032
322,14,US1COLP0002
323,14,US1COLP0004
324,14,US1COLP0005
325,14,US1COLP0006
326,14,US1COLP0007
327,14,US1COLP0008
328,14,US1COLP0009
329,14,US1COLP0016
330,14,US1COLP0018
331,14,US1COLP0019
332,14,US1COLP0020
333,14,US1COLP0021
334,14,US1COLP0022
335,14,US1COLP0024
336,14,US1COLP0025
337,14,US1COLP0026
338,14,US1COLP0028
339,14,US1COLP0029
340,14,US1COLP0030
341,14,US1COLP0031
342,14,US1COLP0032
343,14,US1COLP0034
344,14,US1COLP0035
345,14,US1COLP0037
346,14,US1COLP0038
347,14,US1COLP0040
348,14,US1COLP0041
349,14,US1COLP0042
350,14,US1COLP0044
351,14,US1COLP0047
352,14,US1COLP0048
353,14,US1COLP0049
354,14,US1COLP0053
355,14,US1COLP0055
356,14,US1COLP0058
357,14,US1COLP0059
358,14,US1COLP0060
359,14,US1COLP0061
360,14,US1COLP0062
361,14,US1COLP0064
362,14,US1COLP0066
363,14,US1COLP0067
364,14,US1COLP0070
365,14,US1COLP0072
366,14,US1COLP0074
367,14,US1COLP0075
368,14,US1COLP0076
369,14,US1COLP0077
370,14,US1COLP0078
371,14,US1COLP0079
372,14,US1COLP0080
373,14,US1COLP0081
374,14,US1COLP0083
375,14,US1COLP0085
376,14,US1COLP0086
377,14,US1COLP0088
378,14,US1COLP0089
379,14,US1COLP0090
380,14,US1COLP0092
381,14,US1COLP0093
382,14,US1COLP0097
383,14,US1COLP0098
384,14,US1COLP0099
385,14,US1COLP0100
386,14,US1COLP0101
387,14,US1COLP0106
388,14,US1COLP0109
389,14,US1COLP0110
390,14,US1COLP0111
391,14,US1COLP0113
392,14,US1COLP0115
393,14,US1COLP0117
394,14,US1COLP0119
395,14,US1COLP0121
396,14,US1COLP0122
397,14,US1COLP0123
398,14,US1COLR0125
399,14,US1COLR0131
400,14,US1COLR0237
401,14,US1COLR1168
402,14,US1COME0003
403,14,US1COME0007
404,14,US1COME0008
405,14,US1COME0010
406,14,US1COME0011
407,14,US1COME0012
408,14,US1COME0013
409,14,US1COME0014
410,14,US1COME0015
411,14,US1COME0018
412,14,US1COME0021
413,14,US1COME0023
414,14,US1COME0024
415,14,US1COME0025
416,14,US1COME0028
417,14,US1COME0042
418,14,US1COME0044
419,14,US1COME0045
420,14,US1COME0047
421,14,US1COME0049
422,14,US1COME0052
423,14,US1COME0053
424,14,US1COME0057
425,14,US1COME0059
426,14,US1COME0061
427,14,US1COME0064
428,14,US1COME0067
429,14,US1COME0068
430,14,US1COME0069
431,14,US1COME0071
432,14,US1COME0075
433,14,US1COME0077
434,14,US1COME0078
435,14,US1COME0079
436,14,US1COME0081
437,14,US1COME0083
438,14,US1COME0086
439,14,US1COME0088
440,14,US1COME0091
441,14,US1COME0094
442,14,US1COME0096
443,14,US1COME0097
444,14,US1COME0098
445,14,US1COME0099
446,14,US1COME0100
447,14,US1COME0101
448,14,US1COME0102
449,14,US1COME0103
450,14,US1COME0104
451,14,US1COME0105
452,14,US1COME0106
453,14,US1COME0109
454,14,US1COME0111
455,14,US1COME0112
456,14,US1COME0113
457,14,US1COME0117
458,14,US1COME0118
459,14,US1COME0124
460,14,US1COME0125
461,14,US1COME0127
462,14,US1COME0133
463,14,US1COME0135
464,14,US1COME0136
465,14,US1COME0137
466,14,US1COME0139
467,14,US1COME0140
468,14,US1COME0142
469,14,US1COME0143
470,14,US1COME0144
471,14,US1COME0146
472,14,US1COME0148
473,14,US1COME0153
474,14,US1COME0154
475,14,US1COME0155
476,14,US1COME0157
477,14,US1COME0158
478,14,US1COME0159
479,14,US1COME0160
480,14,US1COME0161
481,14,US1COME0162
482,14,US1COME0163
483,14,US1COME0169
484,14,US1COME0170
485,14,US1COME0172
486,14,US1COME0173
487,14,US1COME0174
488,14,US1COME0175
489,14,US1COME0176
490,14,US1COME0178
491,14,US1COME0179
492,14,US1COME0180
493,14,US1COME0184
494,14,US1COME0185
495,14,US1COME0187
496,14,US1COMF0001
497,14,US1COMF0019
498,14,US1COMF0021
499,14,US1COMF0025
500,14,US1COMF0026
501,14,US1COMF0027
502,14,US1COMF0028
503,14,US1COMF0030
504,14,US1COMN0001
505,14,US1COMN0004
506,14,US1COMN0007
507,14,US1COMT0001
508,14,US1COMT0002
509,14,US1COMT0005
510,14,US1COMT0006
511,14,US1COMT0007
512,14,US1COMT0008
513,14,US1COMT0009
514,14,US1COMT0011
515,14,US1COMT0012
516,14,US1COMT0013
517,14,US1COMT0015
518,14,US1COMT0016
519,14,US1COMT0017
520,14,US1COMT0019
521,14,US1COMT0020
522,14,US1COMT0022
523,14,US1COMT0024
524,14,US1COMT0025
525,14,US1COMT0026
526,14,US1COMT0027
527,14,US1COMT0030
528,14,US1COMT0031
529,14,US1COMT0034
530,14,US1COMT0035
531,14,US1COMT0036
532,14,US1COMT0038
533,14,US1COMT0039
534,14,US1COMT0040
535,14,US1COMT0041
536,14,US1COMT0042
537,14,US1COMT0043
538,14,US1COMT0044
539,14,US1COMT0045
540,14,US1COMT0047
541,14,US1COMT0049
542,14,US1COMT0050
543,14,US1COMT0052
544,14,US1COMT0055
545,14,US1COMT0056
546,14,US1COMT0058
547,14,US1COMT0060
548,14,US1COMT0061
549,14,US1COMT0062
550,14,US1COMT0063
551,14,US1COMT0064
552,14,US1COMZ0002
553,14,US1COMZ0005
554,14,US1COMZ0011
555,14,US1COMZ0013
556,14,US1COMZ0014
557,14,US1COMZ0017
558,14,US1COMZ0019
559,14,US1COMZ0021
560,14,US1COMZ0026
561,14,US1COMZ0027
562,14,US1COMZ0030
563,14,US1COMZ0031
564,14,US1COMZ0034
565,14,US1COMZ0035
566,14,US1COMZ0036
567,14,US1COMZ0040
568,14,US1COMZ0042
569,14,US1COMZ0043
570,14,US1COMZ0046
571,14,US1COMZ0048
572,14,US1COMZ0050
573,14,US1COMZ0052
574,14,US1COMZ0055
575,14,US1COMZ0056
576,14,US1COMZ0057
577,14,US1COMZ0058
578,14,US1COMZ0060
579,14,US1COMZ0062
580,14,US1COMZ0065
581,14,US1COMZ0066
582,14,US1COMZ0068
583,14,US1COMZ0071
584,14,US1COMZ0073
585,14,US1COMZ0077
586,14,US1COMZ0078
587,14,US1COMZ0081
588,14,US1COOR0001
589,14,US1COOR0003
590,14,US1COOR0004
591,14,US1COOR0005
592,14,US1COOR0006
593,14,US1COOR0010
594,14,US1COOR0013
595,14,US1COOR0014
596,14,US1COOR0015
597,14,US1COOR0019
598,14,US1COOR0021
599,14,US1COOR0024
600,14,US1COOR0025
601,14,US1COOR0027
602,14,US1COOR0029
603,14,US1COPK0001
604,14,US1COPK0005
605,14,US1COPK0006
606,14,US1COPK0011
607,14,US1COPK0013
608,14,US1COPK0014
609,14,US1COPK0015
610,14,US1COPK0016
611,14,US1COPK0017
612,14,US1COPK0018
613,14,US1COPK0019
614,14,US1COPK0022
615,14,US1COPK0025
616,14,US1COPK0026
617,14,US1COPK0029
618,14,US1COPK0032
619,14,US1COPK0033
620,14,US1COPK0035
621,14,US1COPK0036
622,14,US1COPK0040
623,14,US1COPK0041
624,14,US1COPK0042
625,14,US1COPK0057
626,14,US1COPK0059
627,14,US1COPK0060
628,14,US1COPK0061
629,14,US1COPK0068
630,14,US1COPK0071
631,14,US1COPK0073
632,14,US1COPK0078
633,14,US1COPK0085
634,14,US1COPK0086
635,14,US1COPK0090
636,14,US1COPK0092
637,14,US1COPT0001
638,14,US1COPT0004
639,14,US1COPT0005
640,14,US1COPT0007
641,14,US1COPT0010
642,14,US1COPT0012
643,14,US1COPT0013
644,14,US1COPT0015
645,14,US1COPT0016
646,14,US1COPT0017
647,14,US1CORB0001
648,14,US1CORB0003
649,14,US1CORB0010
650,14,US1CORB0015
651,14,US1CORB0020
652,14,US1CORB0025
653,14,US1CORG0002
654,14,US1CORG0005
655,14,US1CORG0007
656,14,US1CORG0008
657,14,US1CORG0009
658,14,US1CORG0010
659,14,US1CORG0013
660,14,US1CORG0015
661,14,US1CORG0016
662,14,US1CORG0017
663,14,US1CORG0018
664,14,US1CORG0020
665,14,US1CORG0021
666,14,US1CORG0023
667,14,US1CORG0024
668,14,US1CORG0025
669,14,US1CORG0026
670,14,US1CORG0029
671,14,US1CORG0032
672,14,US1CORG0033
673,14,US1CORG0034
674,14,US1CORT0004
675,14,US1CORT0007
676,14,US1CORT0010
677,14,US1CORT0012
678,14,US1CORT0014
679,14,US1CORT0016
680,14,US1CORT0017
681,14,US1CORT0022
682,14,US1CORT0025
683,14,US1CORT0026
684,14,US1CORT0028
685,14,US1CORT0029
686,14,US1CORT0032
687,14,US1CORT0033
688,14,US1CORT0034
689,14,US1CORT0037
690,14,US1CORT0040
691,14,US1CORT0042
692,14,US1CORT0043
693,14,US1CORT0044
694,14,US1CORT0045
695,14,US1CORT0048
696,14,US1CORT0050
697,14,US1CORT0051
698,14,US1CORT0052
699,14,US1CORT0053
700,14,US1CORT0054
701,14,US1CORT0056
702,14,US1CORT0057
703,14,US1CORT0058
704,14,US1CORT0061
705,14,US1CORT0063
706,14,US1CORT0064
707,14,US1CORT0066
708,14,US1CORT0068
709,14,US1CORT0069
710,14,US1COSA0002
711,14,US1COSA0004
712,14,US1COSA0011
713,14,US1COSA0035
714,14,US1COSA0038
715,14,US1COSA0039
716,14,US1COSA0040
717,14,US1COSA0041
718,14,US1COSA0042
719,14,US1COSA0043
720,14,US1COSA0044
721,14,US1COSA0045
722,14,US1COSA0046
723,14,US1COSA0047
724,14,US1COSA0050
725,14,US1COSA0052
726,14,US1COSA0056
727,14,US1COSA0058
728,14,US1COSA0059
729,14,US1COSA0061
730,14,US1COSA0062
731,14,US1COSA0066
732,14,US1COSA0067
733,14,US1COSJ0001
734,14,US1COSJ0002
735,14,US1COSJ0004
736,14,US1COSM0002
737,14,US1COSM0003
738,14,US1COSM0004
739,14,US1COSM0007
740,14,US1COSM0008
741,14,US1COSM0010
742,14,US1COSM0013
743,14,US1COSM0014
744,14,US1COSM0017
745,14,US1COSU0001
746,14,US1COSU0004
747,14,US1COSU0005
748,14,US1COSU0006
749,14,US1COSU0007
750,14,US1COSU0009
751,14,US1COSU0011
752,14,US1COSU0012
753,14,US1COSU0016
754,14,US1COSU0019
755,14,US1COSU0020
756,14,US1COSU0023
757,14,US1COSU0024
758,14,US1COSU0025
759,14,US1COSU0029
760,14,US1COSU0031
761,14,US1COSU0033
762,14,US1COSU0034
763,14,US1COSU0035
764,14,US1COSU0037
765,14,US1COSU0039
766,14,US1COSU0040
767,14,US1COSU0044
768,14,US1COSU0045
769,14,US1COSU0046
770,14,US1COSU0049
771,14,US1COSU0052
772,14,US1COSU0058
773,14,US1COSU0061
774,14,US1COSU0062
775,14,US1COSU0066
776,14,US1COSU0067
777,14,US1COSU0069
778,14,US1IDBG0001
779,14,US1IDBG0004
780,14,US1IDBG0008
781,14,US1IDBK0021
782,14,US1IDBK0022
783,14,US1IDBK0026
784,14,US1IDBK0027
785,14,US1IDBL0001
786,14,US1IDCR0001
787,14,US1IDCR0002
788,14,US1IDFK0001
789,14,US1IDFK0002
790,14,US1IDON0006
791,14,US1NMLA0004
792,14,US1NMLA0006
793,14,US1NMLA0007
794,14,US1NMLA0009
795,14,US1NMLA0010
796,14,US1NMLA0012
797,14,US1NMLA0013
798,14,US1NMLA0015
799,14,US1NMLA0018
800,14,US1NMLA0020
801,14,US1NMLA0021
802,14,US1NMLA0023
803,14,US1NMLA0025
804,14,US1NMLA0026
805,14,US1NMMK0001
806,14,US1NMMK0025
807,14,US1NMMK0026
808,14,US1NMRA0001
809,14,US1NMRA0007
810,14,US1NMRA0011
811,14,US1NMRA0012
812,14,US1NMRA0014
813,14,US1NMRA0022
814,14,US1NMRA0023
815,14,US1NMRA0024
816,14,US1NMRA0027
817,14,US1NMRA0028
818,14,US1NMRA0029
819,14,US1NMRA0030
820,14,US1NMRA0032
821,14,US1NMRA0033
822,14,US1NMRA0035
823,14,US1NMRA0040
824,14,US1NMRA0041
825,14,US1NMRA0042
826,14,US1NMRA0044
827,14,US1NMRA0048
828,14,US1NMRA0051
829,14,US1NMRA0054
830,14,US1NMRA0056
831,14,US1NMRA0058
832,14,US1NMRA0060
833,14,US1NMRA0061
834,14,US1NMRA0062
835,14,US1NMRA0064
836,14,US1NMRA0066
837,14,US1NMRA0069
838,14,US1NMSF0001
839,14,US1NMSF0002
840,14,US1NMSF0006
841,14,US1NMSF0009
842,14,US1NMSF0011
843,14,US1NMSF0013
844,14,US1NMSF0020
845,14,US1NMSF0021
846,14,US1NMSF0022
847,14,US1NMSF0034
848,14,US1NMSF0035
849,14,US1NMSF0039
850,14,US1NMSF0044
851,14,US1NMSF0046
852,14,US1NMSF0051
853,14,US1NMSF0057
854,14,US1NMSF0058
855,14,US1NMSF0062
856,14,US1NMSF0073
857,14,US1NMSF0074
858,14,US1NMSF0075
859,14,US1NMSF0076
860,14,US1NMSF0077
861,14,US1NMSF0078
862,14,US1NMSF0080
863,14,US1NMSF0082
864,14,US1NMSF0084
865,14,US1NMSF0085
866,14,US1NMSF0090
867,14,US1NMSF0091
868,14,US1NMSF0094
869,14,US1NMSF0096
870,14,US1NMSF0098
871,14,US1NMSF0099
872,14,US1NMSF0101
873,14,US1NMSF0104
874,14,US1NMSF0105
875,14,US1NMSF0106
876,14,US1NMSF0109
877,14,US1NMSF0110
878,14,US1NMSF0111
879,14,US1NMSF0113
880,14,US1NMSF0114
881,14,US1NMSF0115
882,14,US1NMSF0120
883,14,US1NMSF0125
884,14,US1NMSF0129
885,14,US1NMSF0133
886,14,US1NMSF0135
887,14,US1NMSF0142
888,14,US1NMSF0143
889,14,US1NMSF0153
890,14,US1NMSF0154
891,14,US1NMSF0155
892,14,US1NMSF0156
893,14,US1NMSF0157
894,14,US1NMSF0158
895,14,US1NMSF0159
896,14,US1NMSF0163
897,14,US1NMSF0164
898,14,US1NMSF0166
899,14,US1NMSF0168
900,14,US1NMSF0171
901,14,US1NMSF0172
902,14,US1NMSF0173
903,14,US1NMSF0174
904,14,US1NMSF0176
905,14,US1NMSF0178
906,14,US1NMSF0182
907,14,US1NMSF0186
908,14,US1NMSF0187
909,14,US1NMSF0192
910,14,US1NMSF0194
911,14,US1NMSF0197
912,14,US1NMSF0198
913,14,US1NMSF0200
914,14,US1NMSF0202
915,14,US1NMSF0203
916,14,US1NMSF0206
917,14,US1NMSF0210
918,14,US1NMSJ0001
919,14,US1NMSJ0003
920,14,US1NMSJ0004
921,14,US1NMSJ0006
922,14,US1NMSJ0010
923,14,US1NMSJ0014
924,14,US1NMSJ0016
925,14,US1NMSJ0019
926,14,US1NMSJ0024
927,14,US1NMSJ0025
928,14,US1NMSJ0027
929,14,US1NMSJ0032
930,14,US1NMSJ0035
931,14,US1NMSJ0036
932,14,US1NMSJ0038
933,14,US1NMSJ0040
934,14,US1NMSJ0041
935,14,US1NMSJ0042
936,14,US1NMSJ0046
937,14,US1NMSJ0047
938,14,US1NMSJ0048
939,14,US1NMSJ0049
940,14,US1NMSJ0050
941,14,US1NMSJ0056
942,14,US1NMSJ0058
943,14,US1NMSJ0060
944,14,US1NMSJ0062
945,14,US1NMSJ0063
946,14,US1NMSJ0067
947,14,US1NMSM0018
948,14,US1NMSM0028
949,14,US1NMSN0089
950,14,US1NMSN0114
951,14,US1NMSN0163
952,14,US1NMSN0172
953,14,US1NMTS0001
954,14,US1NMTS0007
955,14,US1NMTS0011
956,14,US1NMTS0016
957,14,US1NMTS0017
958,14,US1NMTS0026
959,14,US1NMTS0037
960,14,US1NMTS0042
961,14,US1NMTS0045
962,14,US1NMTS0047
963,14,US1NMTS0051
964,14,US1NMTS0054
965,14,US1NMTS0056
966,14,US1NMTS0059
967,14,US1NMTS0060
968,14,US1UTBE0002
969,14,US1UTBE0003
970,14,US1UTBE0004
971,14,US1UTBE0005
972,14,US1UTBE0006
973,14,US1UTBE0008
974,14,US1UTBE0009
975,14,US1UTBE0010
976,14,US1UTBE0011
977,14,US1UTBE0013
978,14,US1UTBE0014
979,14,US1UTBE0016
980,14,US1UTBE0017
981,14,US1UTBE0019
982,14,US1UTBE0020
983,14,US1UTCH0001
984,14,US1UTCH0003
985,14,US1UTCH0004
986,14,US1UTCH0006
987,14,US1UTCH0008
988,14,US1UTCH0009
989,14,US1UTCH0011
990,14,US1UTCH0013
991,14,US1UTCH0014
992,14,US1UTCH0015
993,14,US1UTCH0016
994,14,US1UTCH0019
995,14,US1UTCH0020
996,14,US1UTCH0021
997,14,US1UTCH0022
998,14,US1UTCH0024
999,14,US1UTCH0025
1000,15,MXM00076040
1001,15,MXM00076055
1002,15,MXM00076061
1003,15,MXM00076113
1004,15,MXM00076118
1005,15,MXM00076122
1006,15,MXM00076160
1007,15,MXM00076220
1008,15,MXM00076840
1009,15,MXN00002003
1010,15,MXN00002006
1011,15,MXN00002011
1012,15,MXN00002020
1013,15,MXN00002033
1014,15,MXN00002037
1015,15,MXN00002039
1016,15,MXN00002043
1017,15,MXN00002046
1018,15,MXN00002051
1019,15,MXN00002058
1020,15,MXN00002059
1021,15,MXN00002060
1022,15,MXN00002084
1023,15,MXN00002092
1024,15,MXN00002102
1025,15,MXN00002107
1026,15,MXN00002110
1027,15,MXN00002137
1028,15,MXN00002139
1029,15,MXN00002140
1030,15,MXN00002141
1031,15,MXN00002145
1032,15,MXN00002146
1033,15,MXN00002148
1034,15,MXN00002151
1035,15,MXN00002154
1036,15,MXN00002166
1037,15,MXN00008001
1038,15,MXN00008034
1039,15,MXN00008097
1040,15,MXN00026001
1041,15,MXN00026004
1042,15,MXN00026005
1043,15,MXN00026006
1044,15,MXN00026007
1045,15,MXN00026008
1046,15,MXN00026012
1047,15,MXN00026016
1048,15,MXN00026022
1049,15,MXN00026025
1050,15,MXN00026032
1051,15,MXN00026035
1052,15,MXN00026045
1053,15,MXN00026048
1054,15,MXN00026052
1055,15,MXN00026057
1056,15,MXN00026062
1057,15,MXN00026069
1058,15,MXN00026071
1059,15,MXN00026072
1060,15,MXN00026074
1061,15,MXN00026076
1062,15,MXN00026077
1063,15,MXN00026087
1064,15,MXN00026089
1065,15,MXN00026092
1066,15,MXN00026093
1067,15,MXN00026096
1068,15,MXN00026103
1069,15,MXN00026115
1070,15,MXN00026121
1071,15,MXN00026139
1072,15,MXN00026145
1073,15,MXN00026152
1074,15,MXN00026160
1075,15,MXN00026164
1076,15,MXN00026180
1077,15,MXN00026181
1078,15,MXN00026182
1079,15,MXN00026186
1080,15,MXN00026192
1081,15,MXN00026196
1082,15,MXN00026198
1083,15,MXN00026199
1084,15,MXN00026202
1085,15,MXN00026205
1086,15,MXN00026214
1087,15,MXN00026222
1088,15,MXN00026227
1089,15,MXN00026232
1090,15,MXN00026236
1091,15,MXN00026240
1092,15,MXN00026241
1093,15,MXN00026244
1094,15,MXN00026245
1095,15,MXN00026248
1096,15,MXN00026249
1097,15,MXN00026251
1098,15,MXN00026255
1099,15,MXN00026256
1100,15,MXN00026257
1101,15,MXN00026259
1102,15,MXN00026262
1103,15,MXN00026270
1104,15,MXN00026271
1105,15,MXN00026274
1106,15,MXN00026283
1107,15,MXN00026286
1108,15,MXN00026288
1109,15,MXN00026289
1110,15,MXN00026290
1111,15,MXN00026291
1112,15,MXN00026295
1113,15,MXN00026308
1114,15,MXN00026313
1115,15,MXN00026405
1116,15,MXN00099001
1117,15,MXN00099031
1118,15,MXN00099032
1119,15,MXN00099033
1120,15,MXN00099034
1121,15,MXN00099037
1122,15,MXN00099038
1123,15,MXN00099045
1124,15,MXN00099046
1125,15,MXN00099047
1126,15,MXN00099048
1127,15,MXN00099049
1128,15,MXN00099050
1129,15,MXN00099080
1130,15,US1AZAP0002
1131,15,US1AZAP0003
1132,15,US1AZAP0007
1133,15,US1AZAP0010
1134,15,US1AZAP0013
1135,15,US1AZAP0014
1136,15,US1AZAP0018
1137,15,US1AZAP0021
1138,15,US1AZAP0022
1139,15,US1AZAP0028
1140,15,US1AZCH0002
1141,15,US1AZCH0003
1142,15,US1AZCH0005
1143,15,US1AZCH0006
1144,15,US1AZCH0008
1145,15,US1AZCH0010
1146,15,US1AZCH0012
1147,15,US1AZCH0013
1148,15,US1AZCH0015
1149,15,US1AZCH0016
1150,15,US1AZCH0017
1151,15,US1AZCH0022
1152,15,US1AZCH0024
1153,15,US1AZCH0026
1154,15,US1AZCH0027
1155,15,US1AZCH0028
1156,15,US1AZCH0031
1157,15,US1AZCH0032
1158,15,US1AZCH0033
1159,15,US1AZCH0037
1160,15,US1AZCH0039
1161,15,US1AZCH0041
1162,15,US1AZCH0048
1163,15,US1AZCH0049
1164,15,US1AZCH0050
1165,15,US1AZCH0051
1166,15,US1AZCH0052
1167,15,US1AZCH0054
1168,15,US1AZCH0057
1169,15,US1AZCH0058
1170,15,US1AZCH0060
1171,15,US1AZCH0061
1172,15,US1AZCH0063
1173,15,US1AZCH0064
1174,15,US1AZCH0066
1175,15,US1AZCH0068
1176,15,US1AZCH0069
1177,15,US1AZCH0071
1178,15,US1AZCH0072
1179,15,US1AZCH0073
1180,15,US1AZCH0074
1181,15,US1AZCH0076
1182,15,US1AZCH0077
1183,15,US1AZCH0078
1184,15,US1AZCH0079
1185,15,US1AZCH0080
1186,15,US1AZCH0081
1187,15,US1AZCH0082
1188,15,US1AZCH0085
1189,15,US1AZCH0086
1190,15,US1AZCH0089
1191,15,US1AZCH0090
1192,15,US1AZCN0002
1193,15,US1AZCN0003
1194,15,US1AZCN0006
1195,15,US1AZCN0007
1196,15,US1AZCN0010
1197,15,US1AZCN0012
1198,15,US1AZCN0013
1199,15,US1AZCN0014
1200,15,US1AZCN0019
1201,15,US1AZCN0020
1202,15,US1AZCN0021
1203,15,US1AZCN0022
1204,15,US1AZCN0026
1205,15,US1AZCN0027
1206,15,US1AZCN0028
1207,15,US1AZCN0031
1208,15,US1AZCN0033
1209,15,US1AZCN0042
1210,15,US1AZCN0043
1211,15,US1AZCN0044
1212,15,US1AZCN0046
1213,15,US1AZCN0054
1214,15,US1AZCN0055
1215,15,US1AZCN0058
1216,15,US1AZCN0059
1217,15,US1AZCN0061
1218,15,US1AZCN0066
1219,15,US1AZCN0069
1220,15,US1AZCN0070
1221,15,US1AZCN0074
1222,15,US1AZCN0075
1223,15,US1AZCN0077
1224,15,US1AZCN0079
1225,15,US1AZCN0088
1226,15,US1AZCN0092
1227,15,US1AZCN0106
1228,15,US1AZCN0107
1229,15,US1AZCN0111
1230,15,US1AZCN0113
1231,15,US1AZCN0122
1232,15,US1AZCN0126
1233,15,US1AZCN0127
1234,15,US1AZCN0131
1235,15,US1AZCN0132
1236,15,US1AZCN0134
1237,15,US1AZCN0137
1238,15,US1AZCN0139
1239,15,US1AZCN0140
1240,15,US1AZCN0143
1241,15,US1AZCN0145
1242,15,US1AZCN0147
1243,15,US1AZCN0148
1244,15,US1AZCN0154
1245,15,US1AZCN0155
1246,15,US1AZCN0156
1247,15,US1AZCN0158
1248,15,US1AZCN0162
1249,15,US1AZCN0164
1250,15,US1AZCN0166
1251,15,US1AZCN0169
1252,15,US1AZCN0176
1253,15,US1AZCN0178
1254,15,US1AZGH0002
1255,15,US1AZGH0003
1256,15,US1AZGH0004
1257,15,US1AZGL0001
1258,15,US1AZGL0003
1259,15,US1AZGL0004
1260,15,US1AZGL0008
1261,15,US1AZGL0010
1262,15,US1AZGL0011
1263,15,US1AZGL0012
1264,15,US1AZGL0013
1265,15,US1AZGL0014
1266,15,US1AZGL0015
1267,15,US1AZGL0016
1268,15,US1AZGL0017
1269,15,US1AZGL0020
1270,15,US1AZGN0001
1271,15,US1AZGN0002
1272,15,US1AZLP0001
1273,15,US1AZMH0001
1274,15,US1AZMH0002
1275,15,US1AZMH0003
1276,15,US1AZMH0004
1277,15,US1AZMH0005
1278,15,US1AZMH0006
1279,15,US1AZMH0013
1280,15,US1AZMH0016
1281,15,US1AZMH0022
1282,15,US1AZMH0024
1283,15,US1AZMH0025
1284,15,US1AZMH0026
1285,15,US1AZMH0027
1286,15,US1AZMH0031
1287,15,US1AZMH0033
1288,15,US1AZMH0036
1289,15,US1AZMH0041
1290,15,US1AZMR0001
1291,15,US1AZMR0003
1292,15,US1AZMR0005
1293,15,US1AZMR0006
1294,15,US1AZMR0007
1295,15,US1AZMR0008
1296,15,US1AZMR0010
1297,15,US1AZMR0011
1298,15,US1AZMR0013
1299,15,US1AZMR0015
1300,15,US1AZMR0016
1301,15,US1AZMR0017
1302,15,US1AZMR0019
1303,15,US1AZMR0022
1304,15,US1AZMR0024
1305,15,US1AZMR0025
1306,15,US1AZMR0026
1307,15,US1AZMR0027
1308,15,US1AZMR0031
1309,15,US1AZMR0032
1310,15,US1AZMR0033
1311,15,US1AZMR0034
1312,15,US1AZMR0035
1313,15,US1AZMR0039
1314,15,US1AZMR0041
1315,15,US1AZMR0042
1316,15,US1AZMR0044
1317,15,US1AZMR0045
1318,15,US1AZMR0046
1319,15,US1AZMR0047
1320,15,US1AZMR0048
1321,15,US1AZMR0049
1322,15,US1AZMR0052
1323,15,US1AZMR0057
1324,15,US1AZMR0058
1325,15,US1AZMR0061
1326,15,US1AZMR0062
1327,15,US1AZMR0063
1328,15,US1AZMR0064
1329,15,US1AZMR0065
1330,15,US1AZMR0066
1331,15,US1AZMR0068
1332,15,US1AZMR0069
1333,15,US1AZMR0070
1334,15,US1AZMR0071
1335,15,US1AZMR0072
1336,15,US1AZMR0075
1337,15,US1AZMR0082
1338,15,US1AZMR0088
1339,15,US1AZMR0094
1340,15,US1AZMR0095
1341,15,US1AZMR0096
1342,15,US1AZMR0100
1343,15,US1AZMR0101
1344,15,US1AZMR0103
1345,15,US1AZMR0105
1346,15,US1AZMR0108
1347,15,US1AZMR0110
1348,15,US1AZMR0111
1349,15,US1AZMR0113
1350,15,US1AZMR0115
1351,15,US1AZMR0118
1352,15,US1AZMR0126
1353,15,US1AZMR0130
1354,15,US1AZMR0131
1355,15,US1AZMR0132
1356,15,US1AZMR0138
1357,15,US1AZMR0140
1358,15,US1AZMR0147
1359,15,US1AZMR0152
1360,15,US1AZMR0153
1361,15,US1AZMR0156
1362,15,US1AZMR0157
1363,15,US1AZMR0158
1364,15,US1AZMR0160
1365,15,US1AZMR0161
1366,15,US1AZMR0162
1367,15,US1AZMR0163
1368,15,US1AZMR0164
1369,15,US1AZMR0170
1370,15,US1AZMR0171
1371,15,US1AZMR0174
1372,15,US1AZMR0189
1373,15,US1AZMR0190
1374,15,US1AZMR0197
1375,15,US1AZMR0198
1376,15,US1AZMR0199
1377,15,US1AZMR0203
1378,15,US1AZMR0204
1379,15,US1AZMR0206
1380,15,US1AZMR0207
1381,15,US1AZMR0209
1382,15,US1AZMR0211
1383,15,US1AZMR0213
1384,15,US1AZMR0214
1385,15,US1AZMR0218
1386,15,US1AZMR0220
1387,15,US1AZMR0221
1388,15,US1AZMR0222
1389,15,US1AZMR0226
1390,15,US1AZMR0228
1391,15,US1AZMR0231
1392,15,US1AZMR0232
1393,15,US1AZMR0234
1394,15,US1AZMR0235
1395,15,US1AZMR0239
1396,15,US1AZMR0241
1397,15,US1AZMR0242
1398,15,US1AZMR0244
1399,15,US1AZMR0245
1400,15,US1AZMR0246
1401,15,US1AZMR0248
1402,15,US1AZMR0253
1403,15,US1AZMR0254
1404,15,US1AZMR0255
1405,15,US1AZMR0257
1406,15,US1AZMR0259
1407,15,US1AZMR0260
1408,15,US1AZMR0261
1409,15,US1AZMR0262
1410,15,US1AZMR0264
1411,15,US1AZMR0266
1412,15,US1AZMR0267
1413,15,US1AZMR0268
1414,15,US1AZMR0270
1415,15,US1AZMR0271
1416,15,US1AZMR0272
1417,15,US1AZMR0273
1418,15,US1AZMR0277
1419,15,US1AZMR0278
1420,15,US1AZMR0280
1421,15,US1AZMR0281
1422,15,US1AZMR0283
1423,15,US1AZMR0287
1424,15,US1AZMR0288
1425,15,US1AZMR0289
1426,15,US1AZMR0290
1427,15,US1AZMR0291
1428,15,US1AZMR0292
1429,15,US1AZMR0303
1430,15,US1AZMR0304
1431,15,US1AZMR0312
1432,15,US1AZMR0313
1433,15,US1AZMR0314
1434,15,US1AZMR0316
1435,15,US1AZMR0319
1436,15,US1AZMR0321
1437,15,US1AZMR0322
1438,15,US1AZMR0326
1439,15,US1AZMR0333
1440,15,US1AZMR0334
1441,15,US1AZMR0337
1442,15,US1AZMR0338
1443,15,US1AZMR0339
1444,15,US1AZMR0340
1445,15,US1AZMR0341
1446,15,US1AZMR0342
1447,15,US1AZMR0343
1448,15,US1AZMR0344
1449,15,US1AZMR0346
1450,15,US1AZMR0349
1451,15,US1AZMR0350
1452,15,US1AZMR0351
1453,15,US1AZMR0352
1454,15,US1AZMR0353
1455,15,US1AZMR0356
1456,15,US1AZMR0357
1457,15,US1AZMR0359
1458,15,US1AZMR0361
1459,15,US1AZMR0362
1460,15,US1AZMR0366
1461,15,US1AZMR0368
1462,15,US1AZMR0372
1463,15,US1AZMR0373
1464,15,US1AZMR0375
1465,15,US1AZMR0377
1466,15,US1AZMR0378
1467,15,US1AZMR0379
1468,15,US1AZMR0381
1469,15,US1AZMR0382
1470,15,US1AZMR0384
1471,15,US1AZMR0386
1472,15,US1AZMR0387
1473,15,US1AZMR0395
1474,15,US1AZMR0398
1475,15,US1AZMR0402
1476,15,US1AZMR0406
1477,15,US1AZMR0409
1478,15,US1AZMR0410
1479,15,US1AZMR0412
1480,15,US1AZMR0413
1481,15,US1AZMR0416
1482,15,US1AZMR0419
1483,15,US1AZMR0420
1484,15,US1AZMR0421
1485,15,US1AZMR0424
1486,15,US1AZMR0425
1487,15,US1AZMR0432
1488,15,US1AZMR0434
1489,15,US1AZMR0436
1490,15,US1AZMR0437
1491,15,US1AZMR0440
1492,15,US1AZMR0442
1493,15,US1AZMR0443
1494,15,US1AZMR0445
1495,15,US1AZMR0448
1496,15,US1AZMR0451
1497,15,US1AZMR0452
1498,15,US1AZMR0453
1499,15,US1AZMR0454
1500,15,US1AZMR0456
1501,15,US1AZMR0460
1502,15,US1AZMR0463
1503,15,US1AZMR0464
1504,15,US1AZMR0465
1505,15,US1AZMR0466
1506,15,US1AZMR0467
1507,15,US1AZMR0470
1508,15,US1AZMR0472
1509,15,US1AZMR0474
1510,15,US1AZMR0475
1511,15,US1AZMR0477
1512,15,US1AZMR0478
1513,15,US1AZMR0479
1514,15,US1AZMR0484
1515,15,US1AZMR0485
1516,15,US1AZMR0487
1517,15,US1AZMR0488
1518,15,US1AZMR0492
1519,15,US1AZMR0494
1520,15,US1AZMR0496
1521,15,US1AZMR0499
1522,15,US1AZMR0502
1523,15,US1AZMR0503
1524,15,US1AZMR0504
1525,15,US1AZMR0506
1526,15,US1AZMR0507
1527,15,US1AZMR0510
1528,15,US1AZMR0511
1529,15,US1AZMR0517
1530,15,US1AZMR0518
1531,15,US1AZMR0527
1532,15,US1AZMR0529
1533,15,US1AZMR0530
1534,15,US1AZMR0531
1535,15,US1AZMR0532
1536,15,US1AZMR0535
1537,15,US1AZMR0536
1538,15,US1AZMR0537
1539,15,US1AZMR0539
1540,15,US1AZMR0540
1541,15,US1AZMR0544
1542,15,US1AZMR0555
1543,15,US1AZMR0561
1544,15,US1AZMR0562
1545,15,US1AZMR0569
1546,15,US1AZMR0572
1547,15,US1AZMR0577
1548,15,US1AZMR0578
1549,15,US1AZMR0579
1550,15,US1AZMR0580
1551,15,US1AZMR0581
1552,15,US1AZMR0583
1553,15,US1AZMR0584
1554,15,US1AZMR0585
1555,15,US1AZMR0586
1556,15,US1AZMR0587
1557,15,US1AZMR0589
1558,15,US1AZMR0590
1559,15,US1AZMR0591
1560,15,US1AZMR0593
1561,15,US1AZMR0595
1562,15,US1AZMR0596
1563,15,US1AZMR0597
1564,15,US1AZMR0598
1565,15,US1AZMR0599
1566,15,US1AZMR0602
1567,15,US1AZMR0603
1568,15,US1AZMR0605
1569,15,US1AZMR0608
1570,15,US1AZMR0610
1571,15,US1AZMR0612
1572,15,US1AZMR0613
1573,15,US1AZMR0617
1574,15,US1AZMR0618
1575,15,US1AZMR0619
1576,15,US1AZNV0003
1577,15,US1AZNV0006
1578,15,US1AZNV0007
1579,15,US1AZNV0009
1580,15,US1AZNV0010
1581,15,US1AZNV0012
1582,15,US1AZNV0013
1583,15,US1AZNV0016
1584,15,US1AZNV0018
1585,15,US1AZNV0020
1586,15,US1AZNV0024
1587,15,US1AZNV0035
1588,15,US1AZNV0042
1589,15,US1AZNV0045
1590,15,US1AZNV0052
1591,15,US1AZNV0053
1592,15,US1AZPM0002
1593,15,US1AZPM0003
1594,15,US1AZPM0004
1595,15,US1AZPM0005
1596,15,US1AZPM0006
1597,15,US1AZPM0007
1598,15,US1AZPM0009
1599,15,US1AZPM0010
1600,15,US1AZPM0011
1601,15,US1AZPM0012
1602,15,US1AZPM0013
1603,15,US1AZPM0014
1604,15,US1AZPM0015
1605,15,US1AZPM0019
1606,15,US1AZPM0021
1607,15,US1AZPM0023
1608,15,US1AZPM0024
1609,15,US1AZPM0029
1610,15,US1AZPM0031
1611,15,US1AZPM0035
1612,15,US1AZPM0036
1613,15,US1AZPM0037
1614,15,US1AZPM0038
1615,15,US1AZPM0040
1616,15,US1AZPM0041
1617,15,US1AZPM0044
1618,15,US1AZPM0046
1619,15,US1AZPM0047
1620,15,US1AZPM0049
1621,15,US1AZPM0050
1622,15,US1AZPM0051
1623,15,US1AZPM0054
1624,15,US1AZPM0055
1625,15,US1AZPM0057
1626,15,US1AZPM0060
1627,15,US1AZPM0062
1628,15,US1AZPM0063
1629,15,US1AZPM0064
1630,15,US1AZPM0065
1631,15,US1AZPM0066
1632,15,US1AZPM0069
1633,15,US1AZPM0070
1634,15,US1AZPM0071
1635,15,US1AZPM0072
1636,15,US1AZPM0073
1637,15,US1AZPM0074
1638,15,US1AZPM0075
1639,15,US1AZPM0077
1640,15,US1AZPM0079
1641,15,US1AZPM0081
1642,15,US1AZPM0082
1643,15,US1AZPM0083
1644,15,US1AZPM0085
1645,15,US1AZPM0087
1646,15,US1AZPM0088
1647,15,US1AZPM0089
1648,15,US1AZPM0091
1649,15,US1AZPM0092
1650,15,US1AZPM0093
1651,15,US1AZPM0094
1652,15,US1AZPM0095
1653,15,US1AZPM0098
1654,15,US1AZPM0099
1655,15,US1AZPM0101
1656,15,US1AZPM0103
1657,15,US1AZPM0104
1658,15,US1AZPM0105
1659,15,US1AZPM0106
1660,15,US1AZPM0107
1661,15,US1AZPM0108
1662,15,US1AZPM0109
1663,15,US1AZPM0110
1664,15,US1AZPM0111
1665,15,US1AZPM0112
1666,15,US1AZPM0113
1667,15,US1AZPM0114
1668,15,US1AZPM0118
1669,15,US1AZPM0119
1670,15,US1AZPM0120
1671,15,US1AZPM0121
1672,15,US1AZPM0122
1673,15,US1AZPM0123
1674,15,US1AZPM0124
1675,15,US1AZPM0125
1676,15,US1AZPM0126
1677,15,US1AZPM0127
1678,15,US1AZPM0128
1679,15,US1AZPM0129
1680,15,US1AZPM0130
1681,15,US1AZPM0131
1682,15,US1AZPM0132
1683,15,US1AZPM0133
1684,15,US1AZPM0134
1685,15,US1AZPM0135
1686,15,US1AZPM0137
1687,15,US1AZPM0138
1688,15,US1AZPM0139
1689,15,US1AZPM0141
1690,15,US1AZPM0143
1691,15,US1AZPM0145
1692,15,US1AZPM0146
1693,15,US1AZPM0147
1694,15,US1AZPM0148
1695,15,US1AZPM0153
1696,15,US1AZPM0156
1697,15,US1AZPM0157
1698,15,US1AZPM0159
1699,15,US1AZPM0160
1700,15,US1AZPM0161
1701,15,US1AZPM0162
1702,15,US1AZPM0163
1703,15,US1AZPM0164
1704,15,US1AZPM0165
1705,15,US1AZPM0166
1706,15,US1AZPM0169
1707,15,US1AZPM0172
1708,15,US1AZPM0173
1709,15,US1AZPM0174
1710,15,US1AZPM0176
1711,15,US1AZPM0181
1712,15,US1AZPM0183
1713,15,US1AZPM0184
1714,15,US1AZPM0185
1715,15,US1AZPM0186
1716,15,US1AZPM0189
1717,15,US1AZPM0190
1718,15,US1AZPM0191
1719,15,US1AZPM0192
1720,15,US1AZPM0193
1721,15,US1AZPM0194
1722,15,US1AZPM0195
1723,15,US1AZPM0198
1724,15,US1AZPM0201
1725,15,US1AZPM0202
1726,15,US1AZPM0204
1727,15,US1AZPM0205
1728,15,US1AZPM0206
1729,15,US1AZPM0207
1730,15,US1AZPM0208
1731,15,US1AZPM0210
1732,15,US1AZPM0211
1733,15,US1AZPM0213
1734,15,US1AZPM0214
1735,15,US1AZPM0215
1736,15,US1AZPM0218
1737,15,US1AZPM0226
1738,15,US1AZPM0229
1739,15,US1AZPM0230
1740,15,US1AZPM0231
1741,15,US1AZPM0233
1742,15,US1AZPM0234
1743,15,US1AZPM0238
1744,15,US1AZPM0240
1745,15,US1AZPM0244
1746,15,US1AZPM0245
1747,15,US1AZPM0247
1748,15,US1AZPM0248
1749,15,US1AZPM0249
1750,15,US1AZPM0250
1751,15,US1AZPM0252
1752,15,US1AZPM0254
1753,15,US1AZPM0258
1754,15,US1AZPM0261
1755,15,US1AZPM0263
1756,15,US1AZPM0264
1757,15,US1AZPM0265
1758,15,US1AZPM0266
1759,15,US1AZPM0268
1760,15,US1AZPM0269
1761,15,US1AZPM0272
1762,15,US1AZPM0273
1763,15,US1AZPM0281
1764,15,US1AZPM0283
1765,15,US1AZPM0284
1766,15,US1AZPM0285
1767,15,US1AZPM0286
1768,15,US1AZPM0289
1769,15,US1AZPM0291
1770,15,US1AZPM0292
1771,15,US1AZPM0294
1772,15,US1AZPM0299
1773,15,US1AZPM0300
1774,15,US1AZPM0301
1775,15,US1AZPM0302
1776,15,US1AZPM0303
1777,15,US1AZPM0304
1778,15,US1AZPM0305
1779,15,US1AZPM0306
1780,15,US1AZPM0307
1781,15,US1AZPM0308
1782,15,US1AZPM0311
1783,15,US1AZPM0312
1784,15,US1AZPM0313
1785,15,US1AZPM0315
1786,15,US1AZPM0318
1787,15,US1AZPM0321
1788,15,US1AZPM0322
1789,15,US1AZPM0323
1790,15,US1AZPM0326
1791,15,US1AZPM0327
1792,15,US1AZPM0328
1793,15,US1AZPM0329
1794,15,US1AZPM0331
1795,15,US1AZPM0332
1796,15,US1AZPM0333
1797,15,US1AZPM0338
1798,15,US1AZPM0339
1799,15,US1AZPM0340
1800,15,US1AZPM0346
1801,15,US1AZPM0347
1802,15,US1AZPM0351
1803,15,US1AZPM0355
1804,15,US1AZPM0356
1805,15,US1AZPM0359
1806,15,US1AZPM0362
1807,15,US1AZPM0365
1808,15,US1AZPM0366
1809,15,US1AZPM0368
1810,15,US1AZPM0370
1811,15,US1AZPM0371
1812,15,US1AZPM0374
1813,15,US1AZPM0375
1814,15,US1AZPM0378
1815,15,US1AZPM0379
1816,15,US1AZPM0383
1817,15,US1AZPM0384
1818,15,US1AZPM0385
1819,15,US1AZPM0386
1820,15,US1AZPM0390
1821,15,US1AZPM0391
1822,15,US1AZPM0392
1823,15,US1AZPM0393
1824,15,US1AZPM0394
1825,15,US1AZPM0395
1826,15,US1AZPM0397
1827,15,US1AZPM0398
1828,15,US1AZPM0399
1829,15,US1AZPM0401
1830,15,US1AZPM0402
1831,15,US1AZPM0404
1832,15,US1AZPM0407
1833,15,US1AZPM0408
1834,15,US1AZPM0409
1835,15,US1AZPM0410
1836,15,US1AZPM0411
1837,15,US1AZPM0412
1838,15,US1AZPM0413
1839,15,US1AZPM0415
1840,15,US1AZPM0416
1841,15,US1AZPM0417
1842,15,US1AZPM0419
1843,15,US1AZPM0421
1844,15,US1AZPM0422
1845,15,US1AZPM0424
1846,15,US1AZPM0425
1847,15,US1AZPM0426
1848,15,US1AZPM0427
1849,15,US1AZPM0430
1850,15,US1AZPM0432
1851,15,US1AZPM0433
1852,15,US1AZPM0435
1853,15,US1AZPM0441
1854,15,US1AZPM0442
1855,15,US1AZPM0445
1856,15,US1AZPM0446
1857,15,US1AZPM0448
1858,15,US1AZPN0002
1859,15,US1AZPN0003
1860,15,US1AZPN0006
1861,15,US1AZPN0007
1862,15,US1AZPN0008
1863,15,US1AZPN0009
1864,15,US1AZPN0010
1865,15,US1AZPN0011
1866,15,US1AZPN0013
1867,15,US1AZPN0014
1868,15,US1AZPN0015
1869,15,US1AZPN0016
1870,15,US1AZPN0017
1871,15,US1AZPN0020
1872,15,US1AZPN0021
1873,15,US1AZPN0022
1874,15,US1AZPN0024
1875,15,US1AZPN0025
1876,15,US1AZPN0027
1877,15,US1AZPN0029
1878,15,US1AZPN0032
1879,15,US1AZPN0033
1880,15,US1AZPN0034
1881,15,US1AZPN0035
1882,15,US1AZPN0037
1883,15,US1AZPN0044
1884,15,US1AZPN0045
1885,15,US1AZPN0047
1886,15,US1AZPN0049
1887,15,US1AZPN0050
1888,15,US1AZPN0051
1889,15,US1AZPN0053
1890,15,US1AZPN0058
1891,15,US1AZPN0059
1892,15,US1AZPN0060
1893,15,US1AZPN0062
1894,15,US1AZPN0063
1895,15,US1AZPN0065
1896,15,US1AZPN0067
1897,15,US1AZPN0068
1898,15,US1AZPN0069
1899,15,US1AZPN0070
1900,15,US1AZPN0071
1901,15,US1AZPN0073
1902,15,US1AZPN0075
1903,15,US1AZPN0077
1904,15,US1AZPN0078
1905,15,US1AZPN0079
1906,15,US1AZPN0081
1907,15,US1AZPN0084
1908,15,US1AZPN0087
1909,15,US1AZPN0088
1910,15,US1AZPN0091
1911,15,US1AZPN0092
1912,15,US1AZPN0093
1913,15,US1AZPN0094
1914,15,US1AZSC0001
1915,15,US1AZSC0002
1916,15,US1AZSC0003
1917,15,US1AZSC0006
1918,15,US1AZSC0007
1919,15,US1AZSC0009
1920,15,US1AZSC0010
1921,15,US1AZSC0012
1922,15,US1AZSC0013
1923,15,US1AZSC0016
1924,15,US1AZSC0018
1925,15,US1AZSC0019
1926,15,US1AZSC0020
1927,15,US1AZSC0021
1928,15,US1AZSC0023
1929,15,US1AZSC0024
1930,15,US1AZSC0025
1931,15,US1AZSC0026
1932,15,US1AZYM0001
1933,15,US1AZYM0002
1934,15,US1AZYM0004
1935,15,US1AZYM0007
1936,15,US1AZYV0001
1937,15,US1AZYV0002
1938,15,US1AZYV0003
1939,15,US1AZYV0005
1940,15,US1AZYV0007
1941,15,US1AZYV0008
1942,15,US1AZYV0011
1943,15,US1AZYV0014
1944,15,US1AZYV0017
1945,15,US1AZYV0018
1946,15,US1AZYV0020
1947,15,US1AZYV0021
1948,15,US1AZYV0022
1949,15,US1AZYV0023
1950,15,US1AZYV0028
1951,15,US1AZYV0029
1952,15,US1AZYV0030
1953,15,US1AZYV0032
1954,15,US1AZYV0033
1955,15,US1AZYV0034
1956,15,US1AZYV0036
1957,15,US1AZYV0038
1958,15,US1AZYV0040
1959,15,US1AZYV0041
1960,15,US1AZYV0042
1961,15,US1AZYV0047
1962,15,US1AZYV0049
1963,15,US1AZYV0051
1964,15,US1AZYV0052
1965,15,US1AZYV0055
1966,15,US1AZYV0056
1967,15,US1AZYV0057
1968,15,US1AZYV0060
1969,15,US1AZYV0061
1970,15,US1AZYV0062
1971,15,US1AZYV0063
1972,15,US1AZYV0067
1973,15,US1AZYV0068
1974,15,US1AZYV0070
1975,15,US1AZYV0076
1976,15,US1AZYV0078
1977,15,US1AZYV0079
1978,15,US1AZYV0081
1979,15,US1AZYV0083
1980,15,US1AZYV0084
1981,15,US1AZYV0085
1982,15,US1AZYV0087
1983,15,US1AZYV0091
1984,15,US1AZYV0092
1985,15,US1AZYV0094
1986,15,US1AZYV0096
1987,15,US1AZYV0098
1988,15,US1AZYV0100
1989,15,US1AZYV0107
1990,15,US1AZYV0108
1991,15,US1AZYV0110
1992,15,US1AZYV0112
1993,15,US1AZYV0113
1994,15,US1AZYV0120
1995,15,US1AZYV0122
1996,15,US1AZYV0123
1997,15,US1AZYV0124
1998,15,US1AZYV0125
1999,15,US1AZYV0128
